<?xml version="1.0" encoding="UTF-8" standalone="yes"?>
<app version="1">
	<name>MPlayer CE</name>
	<coder>MPlayer CE Team</coder>
	<version>0.80 r658</version>
	<release_date>20110304</release_date>
	<short_description>Wii Media Player</short_description>
	<long_description>Homebrew media player for the Nintendo Wii.	

MPlayer CE Team
 Scip, rodries, AgentX, DJDynamite123, 
 Tantric, Extrems.

http://mplayer-ce.googlecode.com/

MPlayer Wii port © Team Twiizers,
used code © MPlayerWii[rOn], GeeXboX,
tipolosko, Ludovic Orban, hax, Shareese,
DennisLKJ, denper, Dimok, Joedj.
Background video © Blue_K</long_description>
	<arguments>
<!--	Example usage, see the MPlayer manual pages for details.	-->
<!--	<arg>[sd,usb,ntfs]:/path/to/file</arg>						-->
	</arguments>
	<no_ios_reload/>
</app>